INSERT INTO t_permission_group
(permission_group_id, name, created_by, created_at, updated_by, updated_at, is_deleted, deleted_at, deleted_by)
VALUES
    ('0001', 'Role Management', 'admin', CURRENT_TIMESTAMP, 'admin', CURRENT_TIMESTAMP, false, NULL, NULL),
    ('0002', 'User Management', 'admin', CURRENT_TIMESTAMP, 'admin', CURRENT_TIMESTAMP, false, NULL, NULL),
    ('0003', 'Scholarship Management', 'admin', CURRENT_TIMESTAMP, 'admin', CURRENT_TIMESTAMP, false, NULL, NULL),
    ('0004', 'Students Data Management', 'admin', CURRENT_TIMESTAMP, 'admin', CURRENT_TIMESTAMP, false, NULL, NULL),
    ('0005', 'Parents Data Management', 'admin', CURRENT_TIMESTAMP, 'admin', CURRENT_TIMESTAMP, false, NULL, NULL),
    ('0006', 'Users Report Management', 'admin', CURRENT_TIMESTAMP, 'admin', CURRENT_TIMESTAMP, false, NULL, NULL),
    ('0007', 'Scholarship Report Management', 'admin', CURRENT_TIMESTAMP, 'admin', CURRENT_TIMESTAMP, false, NULL, NULL),
    ('0008', 'Address Data Management', 'admin', CURRENT_TIMESTAMP, 'admin', CURRENT_TIMESTAMP, false, NULL, NULL),
    ('0009', 'Region Data Management', 'admin', CURRENT_TIMESTAMP, 'admin', CURRENT_TIMESTAMP, false, NULL, NULL);

INSERT INTO t_permission
(permission_id, permission_group_id, name, description, created_by, created_at, updated_by, updated_at, is_deleted, deleted_at, deleted_by)
VALUES
    ('0001', '0001', 'ROLE_MANAGEMENT_CREATE', 'Permission untuk create role','admin', CURRENT_TIMESTAMP, 'admin', CURRENT_TIMESTAMP, false, NULL, NULL),
    ('0002', '0001', 'ROLE_MANAGEMENT_UPDATE', 'Permission untuk update role','admin', CURRENT_TIMESTAMP, 'admin', CURRENT_TIMESTAMP, false, NULL, NULL),
    ('0003', '0001', 'ROLE_MANAGEMENT_READ', 'Permission untuk read role','admin', CURRENT_TIMESTAMP, 'admin', CURRENT_TIMESTAMP, false, NULL, NULL),
    ('0004', '0001', 'ROLE_MANAGEMENT_DELETE', 'Permission untuk delete role','admin', CURRENT_TIMESTAMP, 'admin', CURRENT_TIMESTAMP, false, NULL, NULL),
    ('0005', '0002', 'USER_MANAGEMENT_CREATE', 'Permission untuk create user','admin', CURRENT_TIMESTAMP, 'admin', CURRENT_TIMESTAMP, false, NULL, NULL),
    ('0006', '0002', 'USER_MANAGEMENT_UPDATE', 'Permission untuk update user','admin', CURRENT_TIMESTAMP, 'admin', CURRENT_TIMESTAMP, false, NULL, NULL),
    ('0007', '0002', 'USER_MANAGEMENT_READ', 'Permission untuk read user','admin', CURRENT_TIMESTAMP, 'admin', CURRENT_TIMESTAMP, false, NULL, NULL),
    ('0008', '0002', 'USER_MANAGEMENT_DELETE', 'Permission untuk delete user','admin', CURRENT_TIMESTAMP, 'admin', CURRENT_TIMESTAMP, false, NULL, NULL),
    ('0009', '0003', 'SCHOLARSHIP_MANAGEMENT_CREATE', 'Permission untuk create scholarship','admin', CURRENT_TIMESTAMP, 'admin', CURRENT_TIMESTAMP, false, NULL, NULL),
    ('0010', '0003', 'SCHOLARSHIP_MANAGEMENT_UPDATE', 'Permission untuk update scholarship','admin', CURRENT_TIMESTAMP, 'admin', CURRENT_TIMESTAMP, false, NULL, NULL),
    ('0011', '0003', 'SCHOLARSHIP_MANAGEMENT_READ', 'Permission untuk read scholarship','admin', CURRENT_TIMESTAMP, 'admin', CURRENT_TIMESTAMP, false, NULL, NULL),
    ('0012', '0003', 'SCHOLARSHIP_MANAGEMENT_DELETE', 'Permission untuk delete scholarship','admin', CURRENT_TIMESTAMP, 'admin', CURRENT_TIMESTAMP, false, NULL, NULL),
    ('0013', '0004', 'STUDENTS_DATA_MANAGEMENT_CREATE', 'Permission untuk create students data','admin', CURRENT_TIMESTAMP, 'admin', CURRENT_TIMESTAMP, false, NULL, NULL),
    ('0014', '0004', 'STUDENTS_DATA_MANAGEMENT_UPDATE', 'Permission untuk update students data','admin', CURRENT_TIMESTAMP, 'admin', CURRENT_TIMESTAMP, false, NULL, NULL),
    ('0015', '0004', 'STUDENTS_DATA_MANAGEMENT_READ', 'Permission untuk read students data','admin', CURRENT_TIMESTAMP, 'admin', CURRENT_TIMESTAMP, false, NULL, NULL),
    ('0016', '0004', 'STUDENTS_DATA_MANAGEMENT_DELETE', 'Permission untuk delete students data','admin', CURRENT_TIMESTAMP, 'admin', CURRENT_TIMESTAMP, false, NULL, NULL),
    ('0017', '0005', 'PARENTS_DATA_MANAGEMENT_CREATE', 'Permission untuk create parents data','admin', CURRENT_TIMESTAMP, 'admin', CURRENT_TIMESTAMP, false, NULL, NULL),
    ('0018', '0005', 'PARENTS_DATA_MANAGEMENT_UPDATE', 'Permission untuk update parents data','admin', CURRENT_TIMESTAMP, 'admin', CURRENT_TIMESTAMP, false, NULL, NULL),
    ('0019', '0005', 'PARENTS_DATA_MANAGEMENT_READ', 'Permission untuk read parents data','admin', CURRENT_TIMESTAMP, 'admin', CURRENT_TIMESTAMP, false, NULL, NULL),
    ('0020', '0005', 'PARENTS_DATA_MANAGEMENT_DELETE', 'Permission untuk delete parents data','admin', CURRENT_TIMESTAMP, 'admin', CURRENT_TIMESTAMP, false, NULL, NULL),
    ('0021', '0006', 'USERS_REPORT_MANAGEMENT_CREATE', 'Permission untuk create users report','admin', CURRENT_TIMESTAMP, 'admin', CURRENT_TIMESTAMP, false, NULL, NULL),
    ('0022', '0006', 'USERS_REPORT_MANAGEMENT_READ', 'Permission untuk read users report','admin', CURRENT_TIMESTAMP, 'admin', CURRENT_TIMESTAMP, false, NULL, NULL),
    ('0023', '0007', 'SCHOLARSHIP_REPORT_MANAGEMENT_CREATE', 'Permission untuk create scholarship report','admin', CURRENT_TIMESTAMP, 'admin', CURRENT_TIMESTAMP, false, NULL, NULL),
    ('0024', '0007', 'SCHOLARSHIP_REPORT_MANAGEMENT_READ', 'Permission untuk read scholarship report','admin', CURRENT_TIMESTAMP, 'admin', CURRENT_TIMESTAMP, false, NULL, NULL),
    ('0025', '0008', 'ADDRESS_DATA_MANAGEMENT_CREATE', 'Permission untuk create address data','admin', CURRENT_TIMESTAMP, 'admin', CURRENT_TIMESTAMP, false, NULL, NULL),
    ('0026', '0008', 'ADDRESS_DATA_MANAGEMENT_UPDATE', 'Permission untuk update address data','admin', CURRENT_TIMESTAMP, 'admin', CURRENT_TIMESTAMP, false, NULL, NULL),
    ('0027', '0008', 'ADDRESS_DATA_MANAGEMENT_READ', 'Permission untuk read address data','admin', CURRENT_TIMESTAMP, 'admin', CURRENT_TIMESTAMP, false, NULL, NULL),
    ('0028', '0008', 'ADDRESS_DATA_MANAGEMENT_DELETE', 'Permission untuk delete address data','admin', CURRENT_TIMESTAMP, 'admin', CURRENT_TIMESTAMP, false, NULL, NULL),
    ('0029', '0009', 'REGION_DATA_MANAGEMENT_CREATE', 'Permission untuk create region data','admin', CURRENT_TIMESTAMP, 'admin', CURRENT_TIMESTAMP, false, NULL, NULL),
    ('0030', '0009', 'REGION_DATA_MANAGEMENT_UPDATE', 'Permission untuk update region data','admin', CURRENT_TIMESTAMP, 'admin', CURRENT_TIMESTAMP, false, NULL, NULL),
    ('0031', '0009', 'REGION_DATA_MANAGEMENT_READ', 'Permission untuk read region data','admin', CURRENT_TIMESTAMP, 'admin', CURRENT_TIMESTAMP, false, NULL, NULL),
    ('0032', '0009', 'REGION_DATA_MANAGEMENT_DELETE', 'Permission untuk delete region data','admin', CURRENT_TIMESTAMP, 'admin', CURRENT_TIMESTAMP, false, NULL, NULL);


INSERT INTO t_roles_permissions
(role_permission_id, role_id, permission_id, created_by, created_at, updated_by, updated_at, is_deleted, deleted_at, deleted_by)
VALUES
    ('000001', '00', '0001','admin', CURRENT_TIMESTAMP, 'admin', CURRENT_TIMESTAMP, false, NULL, NULL),
    ('000002', '00', '0002','admin', CURRENT_TIMESTAMP, 'admin', CURRENT_TIMESTAMP, false, NULL, NULL),
    ('000003', '00', '0003','admin', CURRENT_TIMESTAMP, 'admin', CURRENT_TIMESTAMP, false, NULL, NULL),
    ('000004', '00', '0004','admin', CURRENT_TIMESTAMP, 'admin', CURRENT_TIMESTAMP, false, NULL, NULL),
    ('010001', '01', '0001','admin', CURRENT_TIMESTAMP, 'admin', CURRENT_TIMESTAMP, false, NULL, NULL),
    ('010002', '01', '0002','admin', CURRENT_TIMESTAMP, 'admin', CURRENT_TIMESTAMP, false, NULL, NULL),
    ('010003', '01', '0003','admin', CURRENT_TIMESTAMP, 'admin', CURRENT_TIMESTAMP, false, NULL, NULL),
    ('010004', '01', '0004','admin', CURRENT_TIMESTAMP, 'admin', CURRENT_TIMESTAMP, false, NULL, NULL),
    ('000005', '00', '0005','admin', CURRENT_TIMESTAMP, 'admin', CURRENT_TIMESTAMP, false, NULL, NULL),
    ('000006', '00', '0006','admin', CURRENT_TIMESTAMP, 'admin', CURRENT_TIMESTAMP, false, NULL, NULL),
    ('000007', '00', '0007','admin', CURRENT_TIMESTAMP, 'admin', CURRENT_TIMESTAMP, false, NULL, NULL),
    ('000008', '00', '0008','admin', CURRENT_TIMESTAMP, 'admin', CURRENT_TIMESTAMP, false, NULL, NULL),
    ('010005', '01', '0005','admin', CURRENT_TIMESTAMP, 'admin', CURRENT_TIMESTAMP, false, NULL, NULL),
    ('010006', '01', '0006','admin', CURRENT_TIMESTAMP, 'admin', CURRENT_TIMESTAMP, false, NULL, NULL),
    ('010007', '01', '0007','admin', CURRENT_TIMESTAMP, 'admin', CURRENT_TIMESTAMP, false, NULL, NULL),
    ('010008', '01', '0008','admin', CURRENT_TIMESTAMP, 'admin', CURRENT_TIMESTAMP, false, NULL, NULL),
    ('020010', '02', '0010','admin', CURRENT_TIMESTAMP, 'admin', CURRENT_TIMESTAMP, false, NULL, NULL),
    ('020011', '02', '0011','admin', CURRENT_TIMESTAMP, 'admin', CURRENT_TIMESTAMP, false, NULL, NULL),
    ('020012', '02', '0012','admin', CURRENT_TIMESTAMP, 'admin', CURRENT_TIMESTAMP, false, NULL, NULL),
    ('030009', '03', '0009','admin', CURRENT_TIMESTAMP, 'admin', CURRENT_TIMESTAMP, false, NULL, NULL),
    ('030013', '03', '0013','admin', CURRENT_TIMESTAMP, 'admin', CURRENT_TIMESTAMP, false, NULL, NULL),
    ('030014', '03', '0014','admin', CURRENT_TIMESTAMP, 'admin', CURRENT_TIMESTAMP, false, NULL, NULL),
    ('030015', '03', '0015','admin', CURRENT_TIMESTAMP, 'admin', CURRENT_TIMESTAMP, false, NULL, NULL),
    ('020016', '02', '0016','admin', CURRENT_TIMESTAMP, 'admin', CURRENT_TIMESTAMP, false, NULL, NULL),
    ('030017', '03', '0017','admin', CURRENT_TIMESTAMP, 'admin', CURRENT_TIMESTAMP, false, NULL, NULL),
    ('030018', '03', '0018','admin', CURRENT_TIMESTAMP, 'admin', CURRENT_TIMESTAMP, false, NULL, NULL),
    ('030019', '03', '0019','admin', CURRENT_TIMESTAMP, 'admin', CURRENT_TIMESTAMP, false, NULL, NULL),
    ('030020', '03', '0020','admin', CURRENT_TIMESTAMP, 'admin', CURRENT_TIMESTAMP, false, NULL, NULL),
    ('020019', '02', '0019','admin', CURRENT_TIMESTAMP, 'admin', CURRENT_TIMESTAMP, false, NULL, NULL),
    ('000021', '00', '0021','admin', CURRENT_TIMESTAMP, 'admin', CURRENT_TIMESTAMP, false, NULL, NULL),
    ('000022', '00', '0022','admin', CURRENT_TIMESTAMP, 'admin', CURRENT_TIMESTAMP, false, NULL, NULL),
    ('010021', '01', '0021','admin', CURRENT_TIMESTAMP, 'admin', CURRENT_TIMESTAMP, false, NULL, NULL),
    ('010022', '01', '0022','admin', CURRENT_TIMESTAMP, 'admin', CURRENT_TIMESTAMP, false, NULL, NULL),
    ('020023', '02', '0023','admin', CURRENT_TIMESTAMP, 'admin', CURRENT_TIMESTAMP, false, NULL, NULL),
    ('020024', '02', '0024','admin', CURRENT_TIMESTAMP, 'admin', CURRENT_TIMESTAMP, false, NULL, NULL),
    ('030025', '03', '0025','admin', CURRENT_TIMESTAMP, 'admin', CURRENT_TIMESTAMP, false, NULL, NULL),
    ('030026', '03', '0026','admin', CURRENT_TIMESTAMP, 'admin', CURRENT_TIMESTAMP, false, NULL, NULL),
    ('030027', '03', '0027','admin', CURRENT_TIMESTAMP, 'admin', CURRENT_TIMESTAMP, false, NULL, NULL),
    ('030028', '03', '0028','admin', CURRENT_TIMESTAMP, 'admin', CURRENT_TIMESTAMP, false, NULL, NULL),
    ('020027', '02', '0027','admin', CURRENT_TIMESTAMP, 'admin', CURRENT_TIMESTAMP, false, NULL, NULL),
    ('000029', '00', '0029','admin', CURRENT_TIMESTAMP, 'admin', CURRENT_TIMESTAMP, false, NULL, NULL),
    ('000030', '00', '0030','admin', CURRENT_TIMESTAMP, 'admin', CURRENT_TIMESTAMP, false, NULL, NULL),
    ('000031', '00', '0031','admin', CURRENT_TIMESTAMP, 'admin', CURRENT_TIMESTAMP, false, NULL, NULL),
    ('000032', '00', '0032','admin', CURRENT_TIMESTAMP, 'admin', CURRENT_TIMESTAMP, false, NULL, NULL),
    ('010029', '01', '0029','admin', CURRENT_TIMESTAMP, 'admin', CURRENT_TIMESTAMP, false, NULL, NULL),
    ('010030', '01', '0030','admin', CURRENT_TIMESTAMP, 'admin', CURRENT_TIMESTAMP, false, NULL, NULL),
    ('010031', '01', '0031','admin', CURRENT_TIMESTAMP, 'admin', CURRENT_TIMESTAMP, false, NULL, NULL),
    ('010032', '01', '0032','admin', CURRENT_TIMESTAMP, 'admin', CURRENT_TIMESTAMP, false, NULL, NULL);